feature,feature_label,pearson,spearman,ridge_coef,permutation_importance,pearson_rank,spearman_rank,ridge_rank,permutation_rank,pearson_score,spearman_score,ridge_score,permutation_score,aggregate_score,final_rank,rank_interval,top3_frequency,top5_frequency,direction,stability
ball_speed_mph,Ball speed,0.7579103025997319,0.7760228598428235,39.960205590868576,38.7003574433971,1,1,1,1,1.0,1.0,1.0,1.0,1.0,1,1-1,1.0,1.0,positive,stable_key
club_speed_mph,Club speed,0.4693474310528045,0.5828692365109471,-2.47505202733398,0.2886335982291654,2,2,4,7,0.875,0.875,0.625,0.25,0.75,2,2-2,1.0,1.0,positive,stable_key
attack_angle_deg,Attack angle,0.15645387486562728,0.206765256696618,-2.451266061592792,0.08574990640606184,3,3,5,9,0.75,0.75,0.5,0.0,0.625,3,3-5,0.85,0.976,positive,stable_key
launch_angle_deg,Launch angle,0.08592634386193315,0.02540490836673104,20.480483338504563,19.635185728682877,6,9,2,2,0.375,0.0,0.875,0.875,0.625,3,4-9,0.004,0.142,weak,secondary
spin_axis_deg,Spin axis,0.1192054505464074,0.11824769345367961,3.4413381245221437,2.4775484683198106,4,5,3,4,0.625,0.5,0.75,0.625,0.625,3,3-8,0.074,0.766,positive,secondary
sidespin_rpm,Sidespin,-0.10039827598110758,-0.14097576645606774,-1.6366455934458948,0.6065466210019034,5,4,8,6,0.5,0.625,0.125,0.375,0.4375,6,3-7,0.052,0.84,negative,secondary
backspin_rpm,Backspin,0.058028371899715034,0.0933009427301169,2.267260176666259,4.431517412791635,7,6,6,3,0.25,0.375,0.375,0.75,0.375,7,4-9,0.02,0.218,weak,weak
launch_direction_deg,Launch direction,0.015630702699373066,0.06153264720604744,2.2422898907668163,0.18258818854027792,8,7,7,8,0.125,0.25,0.25,0.125,0.1875,8,5-9,0.0,0.044,weak,weak
spin_rate_rpm,Spin rate,0.008780433880802786,0.05324590835155523,0.4863695301444739,1.9036583765745467,9,8,9,5,0.0,0.125,0.0,0.5,0.0625,9,6-9,0.0,0.014,weak,weak
