feature,feature_label,pearson,spearman,ridge_coef,permutation_importance,pearson_rank,spearman_rank,ridge_rank,permutation_rank,pearson_score,spearman_score,ridge_score,permutation_score,aggregate_score,final_rank,rank_interval,top3_frequency,top5_frequency,direction,stability
ball_speed_mph,Ball speed,0.7579103026,0.776022859843,39.9602055909,38.7003574434,1,1,1,1,1,1,1,1,1,1,1-1,1,1,positive,stable_key
club_speed_mph,Club speed,0.469347431053,0.582869236511,-2.47505202733,0.288633598229,2,2,4,7,0.875,0.875,0.625,0.25,0.75,2,2-2,1,1,positive,stable_key
attack_angle_deg,Attack angle,0.156453874866,0.206765256697,-2.45126606159,0.0857499064061,3,3,5,9,0.75,0.75,0.5,0,0.625,3,3-5,0.85,0.976,positive,stable_key
launch_angle_deg,Launch angle,0.0859263438619,0.0254049083667,20.4804833385,19.6351857287,6,9,2,2,0.375,0,0.875,0.875,0.625,3,4-9,0.004,0.142,weak,secondary
spin_axis_deg,Spin axis,0.119205450546,0.118247693454,3.44133812452,2.47754846832,4,5,3,4,0.625,0.5,0.75,0.625,0.625,3,3-8,0.074,0.766,positive,secondary
sidespin_rpm,Sidespin,-0.100398275981,-0.140975766456,-1.63664559345,0.606546621002,5,4,8,6,0.5,0.625,0.125,0.375,0.4375,6,3-7,0.052,0.84,negative,secondary
backspin_rpm,Backspin,0.0580283718997,0.0933009427301,2.26726017667,4.43151741279,7,6,6,3,0.25,0.375,0.375,0.75,0.375,7,4-9,0.02,0.218,weak,weak
launch_direction_deg,Launch direction,0.0156307026994,0.061532647206,2.24228989077,0.18258818854,8,7,7,8,0.125,0.25,0.25,0.125,0.1875,8,5-9,0,0.044,weak,weak
spin_rate_rpm,Spin rate,0.0087804338808,0.0532459083516,0.486369530144,1.90365837657,9,8,9,5,0,0.125,0,0.5,0.0625,9,6-9,0,0.014,weak,weak
