feature,feature_label,pearson,spearman,ridge_coef,ridge_coef_abs,ridge_alpha,permutation_importance,permutation_importance_std,sample_views
ball_speed_mph,Ball speed,0.7579103026,0.776022859843,42.3606807486,42.3606807486,3.16227766017,37.6259510533,1.82248590562,S3_imputed;S3_spin_components
launch_angle_deg,Launch angle,0.0859263438619,0.0254049083667,20.7809797638,20.7809797638,3.16227766017,19.6542940845,1.91004547604,S3_imputed;S3_spin_components
launch_direction_deg,Launch direction,0.0156307026994,0.061532647206,2.34766942556,2.34766942556,3.16227766017,0.180523341478,0.0705170732516,S3_imputed;S3_spin_components
spin_rate_rpm,Spin rate,0.0087804338808,0.0532459083516,0.474624896653,0.474624896653,3.16227766017,1.82658108252,0.305580746659,S3_imputed
spin_axis_deg,Spin axis,0.119205450546,0.118247693454,3.53855962846,3.53855962846,3.16227766017,2.4194343807,0.536625444309,S3_imputed
backspin_rpm,Backspin,0.0580283718997,0.0933009427301,2.15203761698,2.15203761698,3.16227766017,4.36806486027,0.673015179085,S3_spin_components
sidespin_rpm,Sidespin,-0.100398275981,-0.140975766456,-1.83710989711,1.83710989711,3.16227766017,0.603279796103,0.132051320897,S3_spin_components
club_speed_mph,Club speed,0.581347382095,0.589009934919,-4.63922316434,4.63922316434,3.16227766017,0.619704307488,0.352257146294,S3_imputed;S3_spin_components
attack_angle_deg,Attack angle,0.156081000238,0.20633818305,-2.75656354186,2.75656354186,3.16227766017,0.0875768931329,0.0818879001076,S3_imputed;S3_spin_components
