model,carry_definition,rmse,mae,mape,bias
constant_lift,D_r,18.9471518477,16.8865555182,12.0719027551,-16.8675864959
constant_lift,D_x,17.5500121007,15.4691078416,11.170937947,-15.3486335409
drag,D_r,38.5290758067,31.4059951582,22.4853060256,-30.187008006
drag,D_x,36.8296152902,29.5005821647,21.4483197378,-28.0471688295
spin_factor_lift,D_r,33.9942292783,28.2766254817,19.7222734795,-25.3119810378
spin_factor_lift,D_x,34.4137228844,29.0579269836,20.6125174808,-26.5448207501
vacuum,D_r,33.9225073866,26.4673608189,19.3254067322,-21.5265085015
vacuum,D_x,32.5024345966,25.0523504173,18.5572938062,-19.4263247811
