cd,objective,calibration_n,failed_count
0.05,1.62024384422,36,0
0.111111111111,2.04430080929,36,0
0.172222222222,2.4983777981,36,0
0.233333333333,2.94996485159,36,0
0.294444444444,3.38545649846,36,0
0.355555555556,3.79943964648,36,0
0.416666666667,4.19029015607,36,0
0.477777777778,4.55816983386,36,0
0.538888888889,4.90409820376,36,0
0.6,5.22941008104,36,0
